sale_date,product_id,quantity
2026-01-01,P101,67
2026-01-01,P102,31
2026-01-01,P103,27
2026-01-01,P104,40
2026-01-01,P105,13
2026-01-01,P106,25
2026-01-02,P101,71
2026-01-02,P102,32
2026-01-02,P103,28
2026-01-02,P104,39
2026-01-02,P105,12
2026-01-02,P106,25
2026-01-03,P101,67
2026-01-03,P102,36
2026-01-03,P103,33
2026-01-03,P104,48
2026-01-03,P105,13
2026-01-03,P106,28
2026-01-04,P101,80
2026-01-04,P102,35
2026-01-04,P103,34
2026-01-04,P104,50
2026-01-04,P105,14
2026-01-04,P106,26
2026-01-05,P101,76
2026-01-05,P102,35
2026-01-05,P103,27
2026-01-05,P104,41
2026-01-05,P105,14
2026-01-05,P106,26
2026-01-06,P101,75
2026-01-06,P102,38
2026-01-06,P103,30
2026-01-06,P104,50
2026-01-06,P105,13
2026-01-06,P106,27
2026-01-07,P101,76
2026-01-07,P102,38
2026-01-07,P103,33
2026-01-07,P104,47
2026-01-07,P105,14
2026-01-07,P106,24
2026-01-08,P101,68
2026-01-08,P102,36
2026-01-08,P103,28
2026-01-08,P104,44
2026-01-08,P105,13
2026-01-08,P106,26
2026-01-09,P101,75
2026-01-09,P102,37
2026-01-09,P103,30
2026-01-09,P104,44
2026-01-09,P105,13
2026-01-09,P106,30
2026-01-10,P101,83
2026-01-10,P102,43
2026-01-10,P103,32
2026-01-10,P104,54
2026-01-10,P105,15
2026-01-10,P106,30
2026-01-11,P101,89
2026-01-11,P102,43
2026-01-11,P103,35
2026-01-11,P104,54
2026-01-11,P105,17
2026-01-11,P106,33
2026-01-12,P101,70
2026-01-12,P102,35
2026-01-12,P103,30
2026-01-12,P104,45
2026-01-12,P105,14
2026-01-12,P106,31
2026-01-13,P101,80
2026-01-13,P102,37
2026-01-13,P103,32
2026-01-13,P104,46
2026-01-13,P105,16
2026-01-13,P106,28
2026-01-14,P101,85
2026-01-14,P102,44
2026-01-14,P103,38
2026-01-14,P104,54
2026-01-14,P105,18
2026-01-14,P106,37
2026-01-15,P101,87
2026-01-15,P102,43
2026-01-15,P103,41
2026-01-15,P104,57
2026-01-15,P105,16
2026-01-15,P106,31
2026-01-16,P101,82
2026-01-16,P102,47
2026-01-16,P103,40
2026-01-16,P104,56
2026-01-16,P105,16
2026-01-16,P106,33
2026-01-17,P101,89
2026-01-17,P102,42
2026-01-17,P103,37
2026-01-17,P104,55
2026-01-17,P105,15
2026-01-17,P106,33
2026-01-18,P101,83
2026-01-18,P102,42
2026-01-18,P103,32
2026-01-18,P104,53
2026-01-18,P105,15
2026-01-18,P106,31
2026-01-19,P101,72
2026-01-19,P102,41
2026-01-19,P103,33
2026-01-19,P104,44
2026-01-19,P105,15
2026-01-19,P106,26
2026-01-20,P101,78
2026-01-20,P102,40
2026-01-20,P103,29
2026-01-20,P104,47
2026-01-20,P105,15
2026-01-20,P106,26
2026-01-21,P101,75
2026-01-21,P102,37
2026-01-21,P103,31
2026-01-21,P104,46
2026-01-21,P105,13
2026-01-21,P106,27
2026-01-22,P101,63
2026-01-22,P102,39
2026-01-22,P103,32
2026-01-22,P104,48
2026-01-22,P105,14
2026-01-22,P106,25
2026-01-23,P101,75
2026-01-23,P102,39
2026-01-23,P103,27
2026-01-23,P104,44
2026-01-23,P105,13
2026-01-23,P106,29
2026-01-24,P101,79
2026-01-24,P102,36
2026-01-24,P103,31
2026-01-24,P104,49
2026-01-24,P105,15
2026-01-24,P106,32
2026-01-25,P101,73
2026-01-25,P102,36
2026-01-25,P103,31
2026-01-25,P104,50
2026-01-25,P105,15
2026-01-25,P106,28
2026-01-26,P101,74
2026-01-26,P102,36
2026-01-26,P103,28
2026-01-26,P104,43
2026-01-26,P105,13
2026-01-26,P106,25
2026-01-27,P101,64
2026-01-27,P102,35
2026-01-27,P103,26
2026-01-27,P104,40
2026-01-27,P105,13
2026-01-27,P106,27
2026-01-28,P101,62
2026-01-28,P102,37
2026-01-28,P103,29
2026-01-28,P104,38
2026-01-28,P105,13
2026-01-28,P106,27
2026-01-29,P101,62
2026-01-29,P102,31
2026-01-29,P103,30
2026-01-29,P104,42
2026-01-29,P105,14
2026-01-29,P106,28
2026-01-30,P101,69
2026-01-30,P102,31
2026-01-30,P103,25
2026-01-30,P104,41
2026-01-30,P105,14
2026-01-30,P106,26
2026-01-31,P101,74
2026-01-31,P102,38
2026-01-31,P103,32
2026-01-31,P104,41
2026-01-31,P105,15
2026-01-31,P106,28
2026-02-01,P101,76
2026-02-01,P102,34
2026-02-01,P103,28
2026-02-01,P104,44
2026-02-01,P105,15
2026-02-01,P106,27
2026-02-02,P101,61
2026-02-02,P102,36
2026-02-02,P103,26
2026-02-02,P104,44
2026-02-02,P105,14
2026-02-02,P106,24
2026-02-03,P101,71
2026-02-03,P102,35
2026-02-03,P103,29
2026-02-03,P104,44
2026-02-03,P105,15
2026-02-03,P106,24
2026-02-04,P101,65
2026-02-04,P102,31
2026-02-04,P103,26
2026-02-04,P104,37
2026-02-04,P105,14
2026-02-04,P106,29
2026-02-05,P101,62
2026-02-05,P102,35
2026-02-05,P103,27
2026-02-05,P104,41
2026-02-05,P105,16
2026-02-05,P106,29
2026-02-06,P101,66
2026-02-06,P102,35
2026-02-06,P103,25
2026-02-06,P104,40
2026-02-06,P105,16
2026-02-06,P106,27
2026-02-07,P101,74
2026-02-07,P102,39
2026-02-07,P103,27
2026-02-07,P104,47
2026-02-07,P105,17
2026-02-07,P106,32
2026-02-08,P101,69
2026-02-08,P102,41
2026-02-08,P103,28
2026-02-08,P104,44
2026-02-08,P105,17
2026-02-08,P106,31
2026-02-09,P101,64
2026-02-09,P102,32
2026-02-09,P103,30
2026-02-09,P104,41
2026-02-09,P105,16
2026-02-09,P106,29
2026-02-10,P101,68
2026-02-10,P102,36
2026-02-10,P103,29
2026-02-10,P104,47
2026-02-10,P105,15
2026-02-10,P106,30
2026-02-11,P101,67
2026-02-11,P102,35
2026-02-11,P103,30
2026-02-11,P104,42
2026-02-11,P105,16
2026-02-11,P106,30
2026-02-12,P101,65
2026-02-12,P102,36
2026-02-12,P103,32
2026-02-12,P104,49
2026-02-12,P105,15
2026-02-12,P106,28
2026-02-13,P101,69
2026-02-13,P102,40
2026-02-13,P103,32
2026-02-13,P104,49
2026-02-13,P105,16
2026-02-13,P106,28
2026-02-14,P101,104
2026-02-14,P102,52
2026-02-14,P103,41
2026-02-14,P104,67
2026-02-14,P105,24
2026-02-14,P106,36
2026-02-15,P101,105
2026-02-15,P102,48
2026-02-15,P103,42
2026-02-15,P104,68
2026-02-15,P105,22
2026-02-15,P106,38
2026-02-16,P101,84
2026-02-16,P102,47
2026-02-16,P103,36
2026-02-16,P104,59
2026-02-16,P105,23
2026-02-16,P106,36
2026-02-17,P101,80
2026-02-17,P102,37
2026-02-17,P103,32
2026-02-17,P104,53
2026-02-17,P105,20
2026-02-17,P106,30
2026-02-18,P101,77
2026-02-18,P102,38
2026-02-18,P103,29
2026-02-18,P104,52
2026-02-18,P105,19
2026-02-18,P106,31
2026-02-19,P101,84
2026-02-19,P102,41
2026-02-19,P103,32
2026-02-19,P104,45
2026-02-19,P105,17
2026-02-19,P106,36
2026-02-20,P101,87
2026-02-20,P102,41
2026-02-20,P103,35
2026-02-20,P104,51
2026-02-20,P105,18
2026-02-20,P106,31
2026-02-21,P101,86
2026-02-21,P102,49
2026-02-21,P103,39
2026-02-21,P104,60
2026-02-21,P105,23
2026-02-21,P106,36
2026-02-22,P101,86
2026-02-22,P102,42
2026-02-22,P103,39
2026-02-22,P104,61
2026-02-22,P105,21
2026-02-22,P106,39
2026-02-23,P101,77
2026-02-23,P102,46
2026-02-23,P103,36
2026-02-23,P104,57
2026-02-23,P105,21
2026-02-23,P106,38
2026-02-24,P101,75
2026-02-24,P102,44
2026-02-24,P103,33
2026-02-24,P104,57
2026-02-24,P105,22
2026-02-24,P106,38
2026-02-25,P101,89
2026-02-25,P102,40
2026-02-25,P103,36
2026-02-25,P104,48
2026-02-25,P105,22
2026-02-25,P106,38
2026-02-26,P101,79
2026-02-26,P102,45
2026-02-26,P103,34
2026-02-26,P104,50
2026-02-26,P105,22
2026-02-26,P106,34
2026-02-27,P101,76
2026-02-27,P102,40
2026-02-27,P103,33
2026-02-27,P104,56
2026-02-27,P105,23
2026-02-27,P106,34
2026-02-28,P101,95
2026-02-28,P102,45
2026-02-28,P103,41
2026-02-28,P104,58
2026-02-28,P105,25
2026-02-28,P106,36
2026-03-01,P101,100
2026-03-01,P102,43
2026-03-01,P103,40
2026-03-01,P104,54
2026-03-01,P105,21
2026-03-01,P106,39
2026-03-02,P101,87
2026-03-02,P102,40
2026-03-02,P103,34
2026-03-02,P104,52
2026-03-02,P105,20
2026-03-02,P106,36
2026-03-03,P101,78
2026-03-03,P102,43
2026-03-03,P103,30
2026-03-03,P104,56
2026-03-03,P105,21
2026-03-03,P106,37
2026-03-04,P101,86
2026-03-04,P102,42
2026-03-04,P103,32
2026-03-04,P104,46
2026-03-04,P105,21
2026-03-04,P106,34
2026-03-05,P101,78
2026-03-05,P102,43
2026-03-05,P103,34
2026-03-05,P104,48
2026-03-05,P105,20
2026-03-05,P106,34
2026-03-06,P101,78
2026-03-06,P102,39
2026-03-06,P103,30
2026-03-06,P104,49
2026-03-06,P105,22
2026-03-06,P106,36
2026-03-07,P101,94
2026-03-07,P102,45
2026-03-07,P103,33
2026-03-07,P104,55
2026-03-07,P105,20
2026-03-07,P106,36
2026-03-08,P101,85
2026-03-08,P102,44
2026-03-08,P103,35
2026-03-08,P104,53
2026-03-08,P105,22
2026-03-08,P106,35
2026-03-09,P101,77
2026-03-09,P102,42
2026-03-09,P103,33
2026-03-09,P104,45
2026-03-09,P105,18
2026-03-09,P106,34
2026-03-10,P101,78
2026-03-10,P102,37
2026-03-10,P103,32
2026-03-10,P104,50
2026-03-10,P105,20
2026-03-10,P106,31
2026-03-11,P101,71
2026-03-11,P102,34
2026-03-11,P103,29
2026-03-11,P104,47
2026-03-11,P105,21
2026-03-11,P106,30
2026-03-12,P101,73
2026-03-12,P102,38
2026-03-12,P103,28
2026-03-12,P104,48
2026-03-12,P105,19
2026-03-12,P106,31
2026-03-13,P101,76
2026-03-13,P102,33
2026-03-13,P103,31
2026-03-13,P104,48
2026-03-13,P105,18
2026-03-13,P106,32
2026-03-14,P101,75
2026-03-14,P102,44
2026-03-14,P103,32
2026-03-14,P104,46
2026-03-14,P105,20
2026-03-14,P106,38
2026-03-15,P101,79
2026-03-15,P102,43
2026-03-15,P103,33
2026-03-15,P104,55
2026-03-15,P105,21
2026-03-15,P106,38
2026-03-16,P101,94
2026-03-16,P102,45
2026-03-16,P103,36
2026-03-16,P104,54
2026-03-16,P105,24
2026-03-16,P106,39
2026-03-17,P101,94
2026-03-17,P102,46
2026-03-17,P103,34
2026-03-17,P104,51
2026-03-17,P105,22
2026-03-17,P106,39
2026-03-18,P101,91
2026-03-18,P102,44
2026-03-18,P103,35
2026-03-18,P104,51
2026-03-18,P105,21
2026-03-18,P106,37
2026-03-19,P101,69
2026-03-19,P102,35
2026-03-19,P103,29
2026-03-19,P104,41
2026-03-19,P105,18
2026-03-19,P106,33
2026-03-20,P101,76
2026-03-20,P102,33
2026-03-20,P103,28
2026-03-20,P104,45
2026-03-20,P105,19
2026-03-20,P106,30
2026-03-21,P101,79
2026-03-21,P102,43
2026-03-21,P103,32
2026-03-21,P104,52
2026-03-21,P105,23
2026-03-21,P106,38
2026-03-22,P101,79
2026-03-22,P102,36
2026-03-22,P103,31
2026-03-22,P104,53
2026-03-22,P105,23
2026-03-22,P106,39
2026-03-23,P101,73
2026-03-23,P102,39
2026-03-23,P103,30
2026-03-23,P104,47
2026-03-23,P105,19
2026-03-23,P106,31
2026-03-24,P101,74
2026-03-24,P102,34
2026-03-24,P103,29
2026-03-24,P104,48
2026-03-24,P105,20
2026-03-24,P106,31
2026-03-25,P101,76
2026-03-25,P102,35
2026-03-25,P103,31
2026-03-25,P104,43
2026-03-25,P105,20
2026-03-25,P106,35
2026-03-26,P101,70
2026-03-26,P102,40
2026-03-26,P103,28
2026-03-26,P104,47
2026-03-26,P105,19
2026-03-26,P106,34
2026-03-27,P101,74
2026-03-27,P102,38
2026-03-27,P103,33
2026-03-27,P104,47
2026-03-27,P105,22
2026-03-27,P106,38
2026-03-28,P101,84
2026-03-28,P102,40
2026-03-28,P103,31
2026-03-28,P104,55
2026-03-28,P105,26
2026-03-28,P106,38
2026-03-29,P101,92
2026-03-29,P102,47
2026-03-29,P103,36
2026-03-29,P104,58
2026-03-29,P105,27
2026-03-29,P106,38
2026-03-30,P101,75
2026-03-30,P102,38
2026-03-30,P103,30
2026-03-30,P104,53
2026-03-30,P105,23
2026-03-30,P106,35
2026-03-31,P101,87
2026-03-31,P102,44
2026-03-31,P103,31
2026-03-31,P104,53
2026-03-31,P105,24
2026-03-31,P106,35
