product_id,warehouse,supplier_id,lead_time_days,average_daily_demand,maximum_forecast_demand,demand_std,current_stock,lead_time_demand,safety_stock,reorder_point,days_of_inventory,recommended_order,inventory_status
P101,W01,S01,7,76.13,99.43,22.32,300,532.9,97.43,630.33,3.94,330.33,Critical
P102,W01,S02,3,126.72,148.79,31.97,500,380.15,91.36,471.51,3.95,0.0,Sufficient
P103,W01,S03,5,136.74,161.02,34.29,350,683.71,126.52,810.23,2.56,460.23,Critical
P104,W01,S04,4,145.55,186.44,38.22,600,582.21,126.12,708.33,4.12,108.33,Reorder Required
P105,W02,S05,10,101.13,112.21,29.24,80,1011.32,152.57,1163.89,0.79,1083.89,Critical
P106,W02,S06,6,105.42,124.29,32.56,220,632.54,131.59,764.13,2.09,544.13,Critical
P107,W02,S07,5,113.67,125.3,31.41,505,568.36,115.89,684.25,4.44,179.25,Critical
P108,W02,S08,8,52.2,60.67,15.72,341,417.58,73.38,490.96,6.53,149.96,Critical
P109,W03,S09,6,55.68,65.52,16.51,318,334.05,66.71,400.76,5.71,82.76,Critical
P110,W03,S10,9,59.88,65.42,16.99,458,538.9,84.08,622.98,7.65,164.98,Critical
P111,W03,S11,4,145.8,154.68,38.69,667,583.2,127.69,710.89,4.57,43.89,Reorder Required
P112,W03,S12,3,155.5,163.92,38.07,483,466.49,108.81,575.3,3.11,92.3,Reorder Required
P113,W04,S13,4,167.45,180.84,42.48,727,669.79,140.19,809.98,4.34,82.98,Reorder Required
P114,W04,S14,5,174.13,213.4,43.62,522,870.64,160.92,1031.56,3.0,509.56,Critical
P115,W04,S15,6,116.09,125.08,28.57,819,696.53,115.49,812.02,7.05,0.0,Sufficient
P116,W04,S16,4,85.13,104.99,23.47,264,340.54,77.45,417.99,3.1,153.99,Critical
P117,W05,S17,3,91.32,111.76,25.57,234,273.96,73.08,347.04,2.56,113.04,Critical
P118,W05,S18,5,96.98,126.62,26.35,482,484.91,97.23,582.14,4.97,100.14,Critical
P119,W05,S19,7,94.15,113.83,26.41,414,659.05,115.28,774.33,4.4,360.33,Critical
P120,W05,S20,6,100.73,151.32,28.66,414,604.37,115.84,720.21,4.11,306.21,Critical
P121,W01,S21,4,83.58,98.02,24.11,301,334.34,79.55,413.89,3.6,112.89,Critical
P122,W01,S22,3,56.18,72.86,16.08,211,168.53,45.96,214.49,3.76,3.49,Reorder Required
P123,W02,S23,8,81.61,93.7,24.13,601,652.91,112.62,765.53,7.36,164.53,Critical
P124,W02,S24,5,88.78,105.42,24.61,489,443.91,90.82,534.73,5.51,45.73,Reorder Required
P125,W03,S25,4,94.51,112.15,28.06,446,378.05,92.61,470.66,4.72,24.66,Reorder Required
P126,W03,S26,6,100.77,112.23,29.94,372,604.64,120.99,725.63,3.69,353.63,Critical
P127,W04,S27,3,90.26,105.74,24.45,282,270.77,69.89,340.66,3.12,58.66,Reorder Required
P128,W04,S28,5,94.72,101.69,24.83,442,473.62,91.59,565.21,4.67,123.21,Critical
P129,W05,S29,4,71.09,92.11,19.45,309,284.36,64.18,348.54,4.35,39.54,Reorder Required
P130,W05,S30,6,77.64,99.98,21.76,399,465.83,87.95,553.78,5.14,154.78,Critical
