product_id,average_daily_demand,demand_std,sales_days
P101,76.12876712328767,22.318491963525236,730
P102,126.71780821917808,31.967101326300597,730
P103,136.74246575342465,34.2920080424761,730
P104,145.55205479452056,38.21706328085897,730
P105,101.13150684931507,29.241001695701044,730
P106,105.42328767123288,32.55840387214595,730
P107,113.67123287671232,31.41131823769769,730
P108,52.1972602739726,15.724461931844257,730
P109,55.675342465753424,16.50522867498948,730
P110,59.87808219178082,16.986081178216498,730
P111,145.8,38.69430685147425,730
P112,155.4958904109589,38.07483944451994,730
P113,167.44657534246576,42.48205328231467,730
P114,174.12876712328767,43.615288718528106,730
P115,116.0890410958904,28.573857139638037,730
P116,85.13424657534246,23.469001352121197,730
P117,91.32054794520548,25.5709291326879,730
P118,96.98219178082192,26.35202151094888,730
P119,94.15068493150685,26.406431457149687,730
P120,100.72876712328768,28.662701799942784,730
P121,83.58493150684932,24.10702116550364,730
P122,56.17671232876712,16.08269968728077,730
P123,81.61369863013698,24.13135814319157,730
P124,88.78219178082192,24.61456984567169,730
P125,94.5123287671233,28.06225660203062,730
P126,100.77397260273972,29.936505864474785,730
P127,90.25616438356164,24.45401320180189,730
P128,94.72328767123288,24.82542902099081,730
P129,71.08904109589041,19.449530633863525,730
P130,77.63835616438357,21.75977228795984,730
