2024-04-17,0,1
2024-04-28,0,1
2024-05-08,1,0
2024-05-13,0,1
2024-05-18,1,0
2024-05-21,1,1
2024-05-24,0,1
2024-06-04,0,1
2024-06-07,0,1
2024-06-11,0,1
2024-06-13,1,1
2024-06-14,1,1
2024-06-15,0,1
2024-06-21,1,1
2024-06-25,0,1
2024-06-28,1,0
2024-06-30,1,1
2024-07-03,0,1
2024-07-08,1,0
2024-07-15,0,1
2024-07-20,1,0
2024-07-26,1,0
2024-08-03,0,1
2024-08-04,0,1
2024-08-14,1,1
2024-08-15,0,1
2024-09-02,0,1
2024-09-04,0,1
2024-09-10,0,1
2024-09-20,1,0
2024-09-24,1,0
2024-09-30,0,1
2024-10-07,1,0
2024-10-11,1,0
2024-10-18,1,0
2024-10-26,0,1
2024-11-13,1,1
2024-11-16,1,1
2024-11-23,1,1
2024-11-24,0,1
2024-11-25,0,1
2024-11-28,1,1
2024-12-21,1,0
2024-12-26,1,1
2025-01-01,0,1
2025-01-07,0,1
2025-01-08,1,1
2025-01-18,1,0
2025-01-30,1,1
2025-01-31,0,1
2025-02-01,0,1
2025-02-07,1,0
2025-02-20,1,0
2025-02-21,1,0
2025-02-25,0,1
2025-02-28,1,0
2025-03-03,0,1
2025-03-08,1,0
2025-03-10,1,1
2025-03-15,0,1
2025-03-19,1,0
2025-03-20,0,1
2025-03-21,0,1
2025-03-23,0,1
2025-03-27,1,0
2025-03-29,1,0
2025-03-31,0,1
2025-04-18,1,1
2025-04-21,1,0
2025-05-05,0,1
2025-05-07,1,1
2025-05-19,1,1
2025-05-24,1,1
2025-05-25,1,0
2025-05-27,1,1
2025-06-06,1,0
2025-06-13,1,1
2025-06-16,1,0
2025-06-24,0,1
2025-06-25,0,1
2025-06-27,0,1
2025-06-29,0,1
2025-06-30,0,1
2025-07-05,1,0
2025-07-06,0,1
2025-07-10,0,1
2025-07-11,0,1
2025-07-13,0,1
2025-07-17,0,1
2025-07-22,0,1
2025-08-02,0,1
2025-08-04,1,1
2025-08-06,1,0
2025-08-09,0,1
2025-08-10,1,1
2025-08-12,1,1
2025-08-19,0,1
2025-08-23,0,1
2025-08-27,1,0
2025-09-04,0,1
2025-09-09,1,0
2025-09-24,0,1
2025-09-26,0,1
2025-10-03,0,1
2025-10-04,0,1
2025-10-11,1,1
2025-10-15,1,0
2025-10-18,1,0
2025-10-19,0,1
2025-10-31,0,1
2025-11-02,1,1
2025-11-05,0,1
2025-11-06,0,1
2025-11-09,0,1
2025-11-12,0,1
2025-11-17,1,1
2025-11-29,0,1
2025-11-30,1,0
2025-12-02,1,0
2025-12-04,0,1
2025-12-05,0,1
2025-12-08,1,0
2025-12-09,1,0
2025-12-11,0,1
2025-12-12,1,0
2025-12-21,0,1
2025-12-23,0,1
2025-12-25,0,1
2025-12-26,0,1
2026-01-06,1,0
2026-01-22,1,1
2026-01-23,1,0
2026-01-24,0,1
2026-02-02,1,0
2026-02-04,0,1
2026-02-06,0,1
2026-02-08,1,1
2026-02-09,1,0
2026-02-14,1,0
2026-02-21,1,1
2026-02-27,0,1
2026-03-09,0,1
2026-03-10,0,1
2026-03-12,0,1
2026-03-16,0,1
2026-03-24,0,1
2026-03-27,1,1
