date,holiday,promotion
2024-04-01,1,1
2024-04-04,0,1
2024-04-14,1,1
2024-04-15,1,1
2024-04-18,1,1
2024-04-24,1,0
2024-05-06,1,0
2024-05-10,0,1
2024-05-11,0,1
2024-05-14,0,1
2024-05-16,0,1
2024-05-17,0,1
2024-05-23,1,0
2024-05-26,1,0
2024-05-31,0,1
2024-06-09,1,0
2024-06-20,0,1
2024-06-24,0,1
2024-06-27,1,1
2024-07-11,1,0
2024-07-20,0,1
2024-07-21,0,1
2024-07-30,1,0
2024-08-01,1,1
2024-08-02,1,0
2024-08-09,0,1
2024-08-10,1,0
2024-08-12,0,1
2024-08-15,0,1
2024-08-17,0,1
2024-08-30,1,0
2024-09-17,0,1
2024-09-23,0,1
2024-09-24,1,0
2024-09-30,1,1
2024-10-07,0,1
2024-10-08,0,1
2024-10-14,0,1
2024-10-15,1,0
2024-10-17,0,1
2024-10-18,1,0
2024-10-20,0,1
2024-10-21,1,0
2024-10-22,0,1
2024-10-24,0,1
2024-10-25,0,1
2024-10-29,1,1
2024-11-02,1,0
2024-11-07,0,1
2024-11-18,0,1
2024-11-19,1,0
2024-12-01,0,1
2024-12-03,1,0
2024-12-05,1,0
2024-12-06,0,1
2024-12-09,1,1
2024-12-10,0,1
2024-12-14,1,0
2024-12-15,1,0
2024-12-21,0,1
2024-12-23,1,0
2024-12-24,0,1
2024-12-28,0,1
2024-12-29,0,1
2025-01-07,0,1
2025-01-17,1,0
2025-01-18,0,1
2025-01-19,0,1
2025-01-22,1,0
2025-01-24,1,1
2025-01-27,1,1
2025-01-28,1,1
2025-02-08,1,0
2025-02-10,0,1
2025-02-14,0,1
2025-02-15,0,1
2025-02-18,0,1
2025-02-24,1,0
2025-02-26,1,1
2025-02-27,0,1
2025-03-06,1,1
2025-03-07,1,1
2025-03-26,0,1
2025-04-02,0,1
2025-04-03,1,1
2025-04-10,0,1
2025-05-04,0,1
2025-05-07,1,1
2025-05-08,1,1
2025-05-12,0,1
2025-05-16,1,1
2025-05-25,1,1
2025-06-05,1,1
2025-06-06,1,1
2025-06-07,0,1
2025-06-08,1,1
2025-06-25,0,1
2025-07-05,0,1
2025-07-10,1,0
2025-07-13,1,0
2025-07-15,1,0
2025-07-17,1,0
2025-07-20,0,1
2025-07-27,1,0
2025-08-03,0,1
2025-08-04,1,0
2025-08-08,1,0
2025-08-10,0,1
2025-08-14,0,1
2025-08-16,0,1
2025-08-29,0,1
2025-08-30,0,1
2025-09-12,1,0
2025-09-13,1,1
2025-09-15,1,1
2025-09-25,0,1
2025-09-26,0,1
2025-10-01,0,1
2025-10-07,1,0
2025-10-08,0,1
2025-10-18,0,1
2025-10-21,0,1
2025-10-22,0,1
2025-10-23,1,0
2025-11-01,0,1
2025-11-04,1,1
2025-11-16,0,1
2025-11-17,0,1
2025-11-18,1,1
2025-11-24,0,1
2025-11-29,0,1
2025-12-03,0,1
2025-12-04,1,0
2025-12-05,0,1
2025-12-06,0,1
2025-12-16,0,1
2025-12-20,0,1
2025-12-21,1,1
2025-12-27,1,0
2025-12-29,1,0
2025-12-30,0,1
2026-01-03,1,1
2026-01-05,1,1
2026-01-13,0,1
2026-01-16,1,1
2026-01-19,0,1
2026-02-01,0,1
2026-02-03,0,1
2026-02-04,0,1
2026-02-08,1,0
2026-02-10,1,1
2026-02-11,1,1
2026-02-15,1,1
2026-02-25,0,1
2026-02-27,1,0
2026-03-03,0,1
2026-03-08,0,1
2026-03-17,1,0
2026-03-26,1,1
