P101,Smartphone,Electronics,2500
P102,Rice_Bag,Grocery,450
P103,Cooking_Oil,Grocery,180
P104,Sugar,Grocery,55
P105,Laptop,Electronics,55000
P106,Headphones,Electronics,1800
P107,Television,Electronics,42000
P108,Refrigerator,Appliances,38000
P109,Washing_Machine,Appliances,32000
P110,Air_Conditioner,Appliances,45000
P111,Milk_Powder,Grocery,320
P112,Wheat_Flour,Grocery,280
P113,Biscuits,Grocery,40
P114,Tea_Powder,Grocery,220
P115,Coffee_Powder,Grocery,350
P116,Shampoo,Personal Care,180
P117,Soap,Personal Care,45
P118,Toothpaste,Personal Care,110
P119,Detergent,Household,260
P120,Dishwash_Liquid,Household,190
P121,Notebook,Stationery,70
P122,Pen_Pack,Stationery,60
P123,Printer,Electronics,12500
P124,Keyboard,Electronics,900
P125,Mouse,Electronics,600
P126,Power_Bank,Electronics,1400
P127,LED_Bulb,Electrical,180
P128,Extension_Box,Electrical,450
P129,Water_Bottle,Household,300
P130,Lunch_Box,Household,420
