date,product_id,forecast_demand
2026-04-01,P101,79.79
2026-04-02,P101,79.2
2026-04-03,P101,80.59
2026-04-04,P101,91.66
2026-04-05,P101,89.76
2026-04-06,P101,78.07
2026-04-07,P101,77.79
2026-04-01,P102,42.27
2026-04-02,P102,42.71
2026-04-03,P102,41.58
2026-04-04,P102,42.74
2026-04-05,P102,43.17
2026-04-06,P102,41.75
2026-04-07,P102,40.17
2026-04-01,P103,32.11
2026-04-02,P103,31.95
2026-04-03,P103,31.8
2026-04-04,P103,34.07
2026-04-05,P103,34.61
2026-04-06,P103,31.22
2026-04-07,P103,31.32
2026-04-01,P104,48.91
2026-04-02,P104,49.81
2026-04-03,P104,50.79
2026-04-04,P104,53.26
2026-04-05,P104,53.81
2026-04-06,P104,49.68
2026-04-07,P104,49.03
2026-04-01,P105,20.03
2026-04-02,P105,20.21
2026-04-03,P105,20.99
2026-04-04,P105,20.72
2026-04-05,P105,20.93
2026-04-06,P105,20.36
2026-04-07,P105,21.05
2026-04-01,P106,34.65
2026-04-02,P106,34.93
2026-04-03,P106,35.07
2026-04-04,P106,35.63
2026-04-05,P106,36.17
2026-04-06,P106,34.36
2026-04-07,P106,33.42
